,invite_category,Deferred donors (count),Deferred donors (%),Non-deferred donors (count),Non-deferred donors (%)
0,More than 2 weeks earlier,525,13.134851138353765,80491,49.239606528494875
1,Within 2 weeks,358,8.956717538153615,42141,25.779357427753446
2,Between 2 weeks and 3 months later,464,11.608706529897423,12849,7.860253994665623
3,Between 3 months and 1 year later,1510,37.77833375031274,19346,11.834732179998532
4,Not within 1 year,1140,28.521391043282463,8641,5.2860498690875275
