,invite_category,Deferred donors (count),Deferred donors (%),Non-deferred donors (count),Non-deferred donors (%)
0,More than 2 weeks earlier,528,13.209907430572928,80390,49.17962584576232
1,Within 2 weeks,341,8.531398548911683,41346,25.29395211119404
2,Between 2 weeks and 3 months later,457,11.43357518138604,12124,7.417014351959477
3,Between 3 months and 1 year later,1299,32.49937453089817,18651,11.409991312965705
4,Not within 1 year,1372,34.32574430823117,10951,6.699416378118461
