,invite_category,Deferred donors (count),Deferred donors (%),Non-deferred donors (count),Non-deferred donors (%)
0,More than 2 weeks earlier,113,15.24966261808367,20585,49.58568193862312
1,Within 2 weeks,46,6.207827260458839,8269,19.918581683287563
2,Between 2 weeks and 3 months later,124,16.734143049932523,7354,17.714505949800067
3,Between 3 months and 1 year later,331,44.6693657219973,4632,11.15768174591704
4,Not within 1 year,127,17.139001349527668,674,1.6235486823722118
