,invite_category,Deferred donors (count),Deferred donors (%),Non-deferred donors (count),Non-deferred donors (%)
0,More than 2 weeks earlier,128,17.27395411605938,20868,50.26737967914438
1,Within 2 weeks,52,7.017543859649122,8552,20.600279423808836
2,Between 2 weeks and 3 months later,143,19.298245614035086,7493,18.049332755215108
3,Between 3 months and 1 year later,321,43.31983805668016,3696,8.90302066772655
4,Not within 1 year,97,13.090418353576247,905,2.179987474105121
